file_name;key_repr
xortool_out/0000.out;b'\x84\xcd|!%h\xc0%'
xortool_out/0001.out;b'\x84\xcd|!%h\xd7%'
xortool_out/0002.out;b'\x84\xcdP!%h\xc0%'
xortool_out/0003.out;b'\x84\xcdP!%h\xd7%'
xortool_out/0004.out;b'\x85\xcc} $i\xc1$'
xortool_out/0005.out;b'\x85\xcc} $i\xd6$'
xortool_out/0006.out;b'\x85\xccQ $i\xc1$'
xortool_out/0007.out;b'\x85\xccQ $i\xd6$'
xortool_out/0008.out;b"\x86\xcf~#'j\xc2'"
xortool_out/0009.out;b"\x86\xcf~#'j\xd5'"
xortool_out/0010.out;b"\x86\xcfR#'j\xc2'"
xortool_out/0011.out;b"\x86\xcfR#'j\xd5'"
xortool_out/0012.out;b'\x87\xce\x7f"&k\xc3&'
xortool_out/0013.out;b'\x87\xce\x7f"&k\xd4&'
xortool_out/0014.out;b'\x87\xceS"&k\xc3&'
xortool_out/0015.out;b'\x87\xceS"&k\xd4&'
xortool_out/0016.out;b'\x80\xc9x%!l\xc4!'
xortool_out/0017.out;b'\x80\xc9x%!l\xd3!'
xortool_out/0018.out;b'\x80\xc9T%!l\xc4!'
xortool_out/0019.out;b'\x80\xc9T%!l\xd3!'
xortool_out/0020.out;b'\x81\xc8y$ m\xc5 '
xortool_out/0021.out;b'\x81\xc8y$ m\xd2 '
xortool_out/0022.out;b'\x81\xc8U$ m\xc5 '
xortool_out/0023.out;b'\x81\xc8U$ m\xd2 '
xortool_out/0024.out;b"\x82\xcbz'#n\xc6#"
xortool_out/0025.out;b"\x82\xcbz'#n\xd1#"
xortool_out/0026.out;b"\x82\xcbV'#n\xc6#"
xortool_out/0027.out;b"\x82\xcbV'#n\xd1#"
xortool_out/0028.out;b'\x83\xca{&"o\xc7"'
xortool_out/0029.out;b'\x83\xca{&"o\xd0"'
xortool_out/0030.out;b'\x83\xcaW&"o\xc7"'
xortool_out/0031.out;b'\x83\xcaW&"o\xd0"'
xortool_out/0032.out;b'\x8c\xc5t)-`\xc8-'
xortool_out/0033.out;b'\x8c\xc5t)-`\xdf-'
xortool_out/0034.out;b'\x8c\xc5X)-`\xc8-'
xortool_out/0035.out;b'\x8c\xc5X)-`\xdf-'
xortool_out/0036.out;b'\x8d\xc4u(,a\xc9,'
xortool_out/0037.out;b'\x8d\xc4u(,a\xde,'
xortool_out/0038.out;b'\x8d\xc4Y(,a\xc9,'
xortool_out/0039.out;b'\x8d\xc4Y(,a\xde,'
xortool_out/0040.out;b'\x8e\xc7v+/b\xca/'
xortool_out/0041.out;b'\x8e\xc7v+/b\xdd/'
xortool_out/0042.out;b'\x8e\xc7Z+/b\xca/'
xortool_out/0043.out;b'\x8e\xc7Z+/b\xdd/'
xortool_out/0044.out;b'\x8f\xc6w*.c\xcb.'
xortool_out/0045.out;b'\x8f\xc6w*.c\xdc.'
xortool_out/0046.out;b'\x8f\xc6[*.c\xcb.'
xortool_out/0047.out;b'\x8f\xc6[*.c\xdc.'
xortool_out/0048.out;b'\x88\xc1p-)d\xcc)'
xortool_out/0049.out;b'\x88\xc1p-)d\xdb)'
xortool_out/0050.out;b'\x88\xc1\\-)d\xcc)'
xortool_out/0051.out;b'\x88\xc1\\-)d\xdb)'
xortool_out/0052.out;b'\x89\xc0q,(e\xcd('
xortool_out/0053.out;b'\x89\xc0q,(e\xda('
xortool_out/0054.out;b'\x89\xc0],(e\xcd('
xortool_out/0055.out;b'\x89\xc0],(e\xda('
xortool_out/0056.out;b'\x8a\xc3r/+f\xce+'
xortool_out/0057.out;b'\x8a\xc3r/+f\xd9+'
xortool_out/0058.out;b'\x8a\xc3^/+f\xce+'
xortool_out/0059.out;b'\x8a\xc3^/+f\xd9+'
xortool_out/0060.out;b'\x8b\xc2s.*g\xcf*'
xortool_out/0061.out;b'\x8b\xc2s.*g\xd8*'
xortool_out/0062.out;b'\x8b\xc2_.*g\xcf*'
xortool_out/0063.out;b'\x8b\xc2_.*g\xd8*'
xortool_out/0064.out;b'\x94\xddl15x\xd05'
xortool_out/0065.out;b'\x94\xddl15x\xc75'
xortool_out/0066.out;b'\x94\xdd@15x\xd05'
xortool_out/0067.out;b'\x94\xdd@15x\xc75'
xortool_out/0068.out;b'\x95\xdcm04y\xd14'
xortool_out/0069.out;b'\x95\xdcm04y\xc64'
xortool_out/0070.out;b'\x95\xdcA04y\xd14'
xortool_out/0071.out;b'\x95\xdcA04y\xc64'
xortool_out/0072.out;b'\x96\xdfn37z\xd27'
xortool_out/0073.out;b'\x96\xdfn37z\xc57'
xortool_out/0074.out;b'\x96\xdfB37z\xd27'
xortool_out/0075.out;b'\x96\xdfB37z\xc57'
xortool_out/0076.out;b'\x97\xdeo26{\xd36'
xortool_out/0077.out;b'\x97\xdeo26{\xc46'
xortool_out/0078.out;b'\x97\xdeC26{\xd36'
xortool_out/0079.out;b'\x97\xdeC26{\xc46'
xortool_out/0080.out;b'\x90\xd9h51|\xd41'
xortool_out/0081.out;b'\x90\xd9h51|\xc31'
xortool_out/0082.out;b'\x90\xd9D51|\xd41'
xortool_out/0083.out;b'\x90\xd9D51|\xc31'
xortool_out/0084.out;b'\x91\xd8i40}\xd50'
xortool_out/0085.out;b'\x91\xd8i40}\xc20'
xortool_out/0086.out;b'\x91\xd8E40}\xd50'
xortool_out/0087.out;b'\x91\xd8E40}\xc20'
xortool_out/0088.out;b'\x92\xdbj73~\xd63'
xortool_out/0089.out;b'\x92\xdbj73~\xc13'
xortool_out/0090.out;b'\x92\xdbF73~\xd63'
xortool_out/0091.out;b'\x92\xdbF73~\xc13'
xortool_out/0092.out;b'\x93\xdak62\x7f\xd72'
xortool_out/0093.out;b'\x93\xdak62\x7f\xc02'
xortool_out/0094.out;b'\x93\xdaG62\x7f\xd72'
xortool_out/0095.out;b'\x93\xdaG62\x7f\xc02'
xortool_out/0096.out;b'\x9c\xd5d9=p\xd8='
xortool_out/0097.out;b'\x9c\xd5d9=p\xcf='
xortool_out/0098.out;b'\x9c\xd5H9=p\xd8='
xortool_out/0099.out;b'\x9c\xd5H9=p\xcf='
xortool_out/0100.out;b'\x9d\xd4e8<q\xd9<'
xortool_out/0101.out;b'\x9d\xd4e8<q\xce<'
xortool_out/0102.out;b'\x9d\xd4I8<q\xd9<'
xortool_out/0103.out;b'\x9d\xd4I8<q\xce<'
xortool_out/0104.out;b'\x9e\xd7f;?r\xda?'
xortool_out/0105.out;b'\x9e\xd7f;?r\xcd?'
xortool_out/0106.out;b'\x9e\xd7J;?r\xda?'
xortool_out/0107.out;b'\x9e\xd7J;?r\xcd?'
xortool_out/0108.out;b'\x9f\xd6g:>s\xdb>'
xortool_out/0109.out;b'\x9f\xd6g:>s\xcc>'
xortool_out/0110.out;b'\x9f\xd6K:>s\xdb>'
xortool_out/0111.out;b'\x9f\xd6K:>s\xcc>'
xortool_out/0112.out;b'\x98\xd1`=9t\xdc9'
xortool_out/0113.out;b'\x98\xd1`=9t\xcb9'
xortool_out/0114.out;b'\x98\xd1L=9t\xdc9'
xortool_out/0115.out;b'\x98\xd1L=9t\xcb9'
xortool_out/0116.out;b'\x99\xd0a<8u\xdd8'
xortool_out/0117.out;b'\x99\xd0a<8u\xca8'
xortool_out/0118.out;b'\x99\xd0M<8u\xdd8'
xortool_out/0119.out;b'\x99\xd0M<8u\xca8'
xortool_out/0120.out;b'\x9a\xd3b?;v\xde;'
xortool_out/0121.out;b'\x9a\xd3b?;v\xc9;'
xortool_out/0122.out;b'\x9a\xd3N?;v\xde;'
xortool_out/0123.out;b'\x9a\xd3N?;v\xc9;'
xortool_out/0124.out;b'\x9b\xd2c>:w\xdf:'
xortool_out/0125.out;b'\x9b\xd2c>:w\xc8:'
xortool_out/0126.out;b'\x9b\xd2O>:w\xdf:'
xortool_out/0127.out;b'\x9b\xd2O>:w\xc8:'
xortool_out/0128.out;b'\xa4\xed\\\x01\x05H\xe0\x05'
xortool_out/0129.out;b'\xa4\xed\\\x01\x05H\xf7\x05'
xortool_out/0130.out;b'\xa4\xedp\x01\x05H\xe0\x05'
xortool_out/0131.out;b'\xa4\xedp\x01\x05H\xf7\x05'
xortool_out/0132.out;b'\xa5\xec]\x00\x04I\xe1\x04'
xortool_out/0133.out;b'\xa5\xec]\x00\x04I\xf6\x04'
xortool_out/0134.out;b'\xa5\xecq\x00\x04I\xe1\x04'
xortool_out/0135.out;b'\xa5\xecq\x00\x04I\xf6\x04'
xortool_out/0136.out;b'\xa6\xef^\x03\x07J\xe2\x07'
xortool_out/0137.out;b'\xa6\xef^\x03\x07J\xf5\x07'
xortool_out/0138.out;b'\xa6\xefr\x03\x07J\xe2\x07'
xortool_out/0139.out;b'\xa6\xefr\x03\x07J\xf5\x07'
xortool_out/0140.out;b'\xa7\xee_\x02\x06K\xe3\x06'
xortool_out/0141.out;b'\xa7\xee_\x02\x06K\xf4\x06'
xortool_out/0142.out;b'\xa7\xees\x02\x06K\xe3\x06'
xortool_out/0143.out;b'\xa7\xees\x02\x06K\xf4\x06'
xortool_out/0144.out;b'\xa0\xe9X\x05\x01L\xe4\x01'
xortool_out/0145.out;b'\xa0\xe9X\x05\x01L\xf3\x01'
xortool_out/0146.out;b'\xa0\xe9t\x05\x01L\xe4\x01'
xortool_out/0147.out;b'\xa0\xe9t\x05\x01L\xf3\x01'
xortool_out/0148.out;b'\xa1\xe8Y\x04\x00M\xe5\x00'
xortool_out/0149.out;b'\xa1\xe8Y\x04\x00M\xf2\x00'
xortool_out/0150.out;b'\xa1\xe8u\x04\x00M\xe5\x00'
xortool_out/0151.out;b'\xa1\xe8u\x04\x00M\xf2\x00'
xortool_out/0152.out;b'\xa2\xebZ\x07\x03N\xe6\x03'
xortool_out/0153.out;b'\xa2\xebZ\x07\x03N\xf1\x03'
xortool_out/0154.out;b'\xa2\xebv\x07\x03N\xe6\x03'
xortool_out/0155.out;b'\xa2\xebv\x07\x03N\xf1\x03'
xortool_out/0156.out;b'\xa3\xea[\x06\x02O\xe7\x02'
xortool_out/0157.out;b'\xa3\xea[\x06\x02O\xf0\x02'
xortool_out/0158.out;b'\xa3\xeaw\x06\x02O\xe7\x02'
xortool_out/0159.out;b'\xa3\xeaw\x06\x02O\xf0\x02'
xortool_out/0160.out;b'\xac\xe5T\t\r@\xe8\r'
xortool_out/0161.out;b'\xac\xe5T\t\r@\xff\r'
xortool_out/0162.out;b'\xac\xe5x\t\r@\xe8\r'
xortool_out/0163.out;b'\xac\xe5x\t\r@\xff\r'
xortool_out/0164.out;b'\xad\xe4U\x08\x0cA\xe9\x0c'
xortool_out/0165.out;b'\xad\xe4U\x08\x0cA\xfe\x0c'
xortool_out/0166.out;b'\xad\xe4y\x08\x0cA\xe9\x0c'
xortool_out/0167.out;b'\xad\xe4y\x08\x0cA\xfe\x0c'
xortool_out/0168.out;b'\xae\xe7V\x0b\x0fB\xea\x0f'
xortool_out/0169.out;b'\xae\xe7V\x0b\x0fB\xfd\x0f'
xortool_out/0170.out;b'\xae\xe7z\x0b\x0fB\xea\x0f'
xortool_out/0171.out;b'\xae\xe7z\x0b\x0fB\xfd\x0f'
xortool_out/0172.out;b'\xaf\xe6W\n\x0eC\xeb\x0e'
xortool_out/0173.out;b'\xaf\xe6W\n\x0eC\xfc\x0e'
xortool_out/0174.out;b'\xaf\xe6{\n\x0eC\xeb\x0e'
xortool_out/0175.out;b'\xaf\xe6{\n\x0eC\xfc\x0e'
xortool_out/0176.out;b'\xa8\xe1P\r\tD\xec\t'
xortool_out/0177.out;b'\xa8\xe1P\r\tD\xfb\t'
xortool_out/0178.out;b'\xa8\xe1|\r\tD\xec\t'
xortool_out/0179.out;b'\xa8\xe1|\r\tD\xfb\t'
xortool_out/0180.out;b'\xa9\xe0Q\x0c\x08E\xed\x08'
xortool_out/0181.out;b'\xa9\xe0Q\x0c\x08E\xfa\x08'
xortool_out/0182.out;b'\xa9\xe0}\x0c\x08E\xed\x08'
xortool_out/0183.out;b'\xa9\xe0}\x0c\x08E\xfa\x08'
xortool_out/0184.out;b'\xaa\xe3R\x0f\x0bF\xee\x0b'
xortool_out/0185.out;b'\xaa\xe3R\x0f\x0bF\xf9\x0b'
xortool_out/0186.out;b'\xaa\xe3~\x0f\x0bF\xee\x0b'
xortool_out/0187.out;b'\xaa\xe3~\x0f\x0bF\xf9\x0b'
xortool_out/0188.out;b'\xab\xe2S\x0e\nG\xef\n'
xortool_out/0189.out;b'\xab\xe2S\x0e\nG\xf8\n'
xortool_out/0190.out;b'\xab\xe2\x7f\x0e\nG\xef\n'
xortool_out/0191.out;b'\xab\xe2\x7f\x0e\nG\xf8\n'
xortool_out/0192.out;b'\xb4\xfdL\x11\x15X\xf0\x15'
xortool_out/0193.out;b'\xb4\xfdL\x11\x15X\xe7\x15'
xortool_out/0194.out;b'\xb4\xfd`\x11\x15X\xf0\x15'
xortool_out/0195.out;b'\xb4\xfd`\x11\x15X\xe7\x15'
xortool_out/0196.out;b'\xb5\xfcM\x10\x14Y\xf1\x14'
xortool_out/0197.out;b'\xb5\xfcM\x10\x14Y\xe6\x14'
xortool_out/0198.out;b'\xb5\xfca\x10\x14Y\xf1\x14'
xortool_out/0199.out;b'\xb5\xfca\x10\x14Y\xe6\x14'
xortool_out/0200.out;b'\xb6\xffN\x13\x17Z\xf2\x17'
xortool_out/0201.out;b'\xb6\xffN\x13\x17Z\xe5\x17'
xortool_out/0202.out;b'\xb6\xffb\x13\x17Z\xf2\x17'
xortool_out/0203.out;b'\xb6\xffb\x13\x17Z\xe5\x17'
xortool_out/0204.out;b'\xb7\xfeO\x12\x16[\xf3\x16'
xortool_out/0205.out;b'\xb7\xfeO\x12\x16[\xe4\x16'
xortool_out/0206.out;b'\xb7\xfec\x12\x16[\xf3\x16'
xortool_out/0207.out;b'\xb7\xfec\x12\x16[\xe4\x16'
xortool_out/0208.out;b'\xb0\xf9H\x15\x11\\\xf4\x11'
xortool_out/0209.out;b'\xb0\xf9H\x15\x11\\\xe3\x11'
xortool_out/0210.out;b'\xb0\xf9d\x15\x11\\\xf4\x11'
xortool_out/0211.out;b'\xb0\xf9d\x15\x11\\\xe3\x11'
xortool_out/0212.out;b'\xb1\xf8I\x14\x10]\xf5\x10'
xortool_out/0213.out;b'\xb1\xf8I\x14\x10]\xe2\x10'
xortool_out/0214.out;b'\xb1\xf8e\x14\x10]\xf5\x10'
xortool_out/0215.out;b'\xb1\xf8e\x14\x10]\xe2\x10'
xortool_out/0216.out;b'\xb2\xfbJ\x17\x13^\xf6\x13'
xortool_out/0217.out;b'\xb2\xfbJ\x17\x13^\xe1\x13'
xortool_out/0218.out;b'\xb2\xfbf\x17\x13^\xf6\x13'
xortool_out/0219.out;b'\xb2\xfbf\x17\x13^\xe1\x13'
xortool_out/0220.out;b'\xb3\xfaK\x16\x12_\xf7\x12'
xortool_out/0221.out;b'\xb3\xfaK\x16\x12_\xe0\x12'
xortool_out/0222.out;b'\xb3\xfag\x16\x12_\xf7\x12'
xortool_out/0223.out;b'\xb3\xfag\x16\x12_\xe0\x12'
xortool_out/0224.out;b'\xbc\xf5D\x19\x1dP\xf8\x1d'
xortool_out/0225.out;b'\xbc\xf5D\x19\x1dP\xef\x1d'
xortool_out/0226.out;b'\xbc\xf5h\x19\x1dP\xf8\x1d'
xortool_out/0227.out;b'\xbc\xf5h\x19\x1dP\xef\x1d'
xortool_out/0228.out;b'\xbd\xf4E\x18\x1cQ\xf9\x1c'
xortool_out/0229.out;b'\xbd\xf4E\x18\x1cQ\xee\x1c'
xortool_out/0230.out;b'\xbd\xf4i\x18\x1cQ\xf9\x1c'
xortool_out/0231.out;b'\xbd\xf4i\x18\x1cQ\xee\x1c'
xortool_out/0232.out;b'\xbe\xf7F\x1b\x1fR\xfa\x1f'
xortool_out/0233.out;b'\xbe\xf7F\x1b\x1fR\xed\x1f'
xortool_out/0234.out;b'\xbe\xf7j\x1b\x1fR\xfa\x1f'
xortool_out/0235.out;b'\xbe\xf7j\x1b\x1fR\xed\x1f'
xortool_out/0236.out;b'\xbf\xf6G\x1a\x1eS\xfb\x1e'
xortool_out/0237.out;b'\xbf\xf6G\x1a\x1eS\xec\x1e'
xortool_out/0238.out;b'\xbf\xf6k\x1a\x1eS\xfb\x1e'
xortool_out/0239.out;b'\xbf\xf6k\x1a\x1eS\xec\x1e'
xortool_out/0240.out;b'\xb8\xf1@\x1d\x19T\xfc\x19'
xortool_out/0241.out;b'\xb8\xf1@\x1d\x19T\xeb\x19'
xortool_out/0242.out;b'\xb8\xf1l\x1d\x19T\xfc\x19'
xortool_out/0243.out;b'\xb8\xf1l\x1d\x19T\xeb\x19'
xortool_out/0244.out;b'\xb9\xf0A\x1c\x18U\xfd\x18'
xortool_out/0245.out;b'\xb9\xf0A\x1c\x18U\xea\x18'
xortool_out/0246.out;b'\xb9\xf0m\x1c\x18U\xfd\x18'
xortool_out/0247.out;b'\xb9\xf0m\x1c\x18U\xea\x18'
xortool_out/0248.out;b'\xba\xf3B\x1f\x1bV\xfe\x1b'
xortool_out/0249.out;b'\xba\xf3B\x1f\x1bV\xe9\x1b'
xortool_out/0250.out;b'\xba\xf3n\x1f\x1bV\xfe\x1b'
xortool_out/0251.out;b'\xba\xf3n\x1f\x1bV\xe9\x1b'
xortool_out/0252.out;b'\xbb\xf2C\x1e\x1aW\xff\x1a'
xortool_out/0253.out;b'\xbb\xf2C\x1e\x1aW\xe8\x1a'
xortool_out/0254.out;b'\xbb\xf2o\x1e\x1aW\xff\x1a'
xortool_out/0255.out;b'\xbb\xf2o\x1e\x1aW\xe8\x1a'
xortool_out/0256.out;b'\xc4\x8d<ae(\x80e'
xortool_out/0257.out;b'\xc4\x8d<ae(\x97e'
xortool_out/0258.out;b'\xc4\x8d\x10ae(\x80e'
xortool_out/0259.out;b'\xc4\x8d\x10ae(\x97e'
xortool_out/0260.out;b'\xc5\x8c=`d)\x81d'
xortool_out/0261.out;b'\xc5\x8c=`d)\x96d'
xortool_out/0262.out;b'\xc5\x8c\x11`d)\x81d'
xortool_out/0263.out;b'\xc5\x8c\x11`d)\x96d'
xortool_out/0264.out;b'\xc6\x8f>cg*\x82g'
xortool_out/0265.out;b'\xc6\x8f>cg*\x95g'
xortool_out/0266.out;b'\xc6\x8f\x12cg*\x82g'
xortool_out/0267.out;b'\xc6\x8f\x12cg*\x95g'
xortool_out/0268.out;b'\xc7\x8e?bf+\x83f'
xortool_out/0269.out;b'\xc7\x8e?bf+\x94f'
xortool_out/0270.out;b'\xc7\x8e\x13bf+\x83f'
xortool_out/0271.out;b'\xc7\x8e\x13bf+\x94f'
xortool_out/0272.out;b'\xc0\x898ea,\x84a'
xortool_out/0273.out;b'\xc0\x898ea,\x93a'
xortool_out/0274.out;b'\xc0\x89\x14ea,\x84a'
xortool_out/0275.out;b'\xc0\x89\x14ea,\x93a'
xortool_out/0276.out;b'\xc1\x889d`-\x85`'
xortool_out/0277.out;b'\xc1\x889d`-\x92`'
xortool_out/0278.out;b'\xc1\x88\x15d`-\x85`'
xortool_out/0279.out;b'\xc1\x88\x15d`-\x92`'
xortool_out/0280.out;b'\xc2\x8b:gc.\x86c'
xortool_out/0281.out;b'\xc2\x8b:gc.\x91c'
xortool_out/0282.out;b'\xc2\x8b\x16gc.\x86c'
xortool_out/0283.out;b'\xc2\x8b\x16gc.\x91c'
xortool_out/0284.out;b'\xc3\x8a;fb/\x87b'
xortool_out/0285.out;b'\xc3\x8a;fb/\x90b'
xortool_out/0286.out;b'\xc3\x8a\x17fb/\x87b'
xortool_out/0287.out;b'\xc3\x8a\x17fb/\x90b'
xortool_out/0288.out;b'\xcc\x854im \x88m'
xortool_out/0289.out;b'\xcc\x854im \x9fm'
xortool_out/0290.out;b'\xcc\x85\x18im \x88m'
xortool_out/0291.out;b'\xcc\x85\x18im \x9fm'
xortool_out/0292.out;b'\xcd\x845hl!\x89l'
xortool_out/0293.out;b'\xcd\x845hl!\x9el'
xortool_out/0294.out;b'\xcd\x84\x19hl!\x89l'
xortool_out/0295.out;b'\xcd\x84\x19hl!\x9el'
xortool_out/0296.out;b'\xce\x876ko"\x8ao'
xortool_out/0297.out;b'\xce\x876ko"\x9do'
xortool_out/0298.out;b'\xce\x87\x1ako"\x8ao'
xortool_out/0299.out;b'\xce\x87\x1ako"\x9do'
xortool_out/0300.out;b'\xcf\x867jn#\x8bn'
xortool_out/0301.out;b'\xcf\x867jn#\x9cn'
xortool_out/0302.out;b'\xcf\x86\x1bjn#\x8bn'
xortool_out/0303.out;b'\xcf\x86\x1bjn#\x9cn'
xortool_out/0304.out;b'\xc8\x810mi$\x8ci'
xortool_out/0305.out;b'\xc8\x810mi$\x9bi'
xortool_out/0306.out;b'\xc8\x81\x1cmi$\x8ci'
xortool_out/0307.out;b'\xc8\x81\x1cmi$\x9bi'
xortool_out/0308.out;b'\xc9\x801lh%\x8dh'
xortool_out/0309.out;b'\xc9\x801lh%\x9ah'
xortool_out/0310.out;b'\xc9\x80\x1dlh%\x8dh'
xortool_out/0311.out;b'\xc9\x80\x1dlh%\x9ah'
xortool_out/0312.out;b'\xca\x832ok&\x8ek'
xortool_out/0313.out;b'\xca\x832ok&\x99k'
xortool_out/0314.out;b'\xca\x83\x1eok&\x8ek'
xortool_out/0315.out;b'\xca\x83\x1eok&\x99k'
xortool_out/0316.out;b"\xcb\x823nj'\x8fj"
xortool_out/0317.out;b"\xcb\x823nj'\x98j"
xortool_out/0318.out;b"\xcb\x82\x1fnj'\x8fj"
xortool_out/0319.out;b"\xcb\x82\x1fnj'\x98j"
xortool_out/0320.out;b'\xd4\x9d,qu8\x90u'
xortool_out/0321.out;b'\xd4\x9d,qu8\x87u'
xortool_out/0322.out;b'\xd4\x9d\x00qu8\x90u'
xortool_out/0323.out;b'\xd4\x9d\x00qu8\x87u'
xortool_out/0324.out;b'\xd5\x9c-pt9\x91t'
xortool_out/0325.out;b'\xd5\x9c-pt9\x86t'
xortool_out/0326.out;b'\xd5\x9c\x01pt9\x91t'
xortool_out/0327.out;b'\xd5\x9c\x01pt9\x86t'
xortool_out/0328.out;b'\xd6\x9f.sw:\x92w'
xortool_out/0329.out;b'\xd6\x9f.sw:\x85w'
xortool_out/0330.out;b'\xd6\x9f\x02sw:\x92w'
xortool_out/0331.out;b'\xd6\x9f\x02sw:\x85w'
xortool_out/0332.out;b'\xd7\x9e/rv;\x93v'
xortool_out/0333.out;b'\xd7\x9e/rv;\x84v'
xortool_out/0334.out;b'\xd7\x9e\x03rv;\x93v'
xortool_out/0335.out;b'\xd7\x9e\x03rv;\x84v'
xortool_out/0336.out;b'\xd0\x99(uq<\x94q'
xortool_out/0337.out;b'\xd0\x99(uq<\x83q'
xortool_out/0338.out;b'\xd0\x99\x04uq<\x94q'
xortool_out/0339.out;b'\xd0\x99\x04uq<\x83q'
xortool_out/0340.out;b'\xd1\x98)tp=\x95p'
xortool_out/0341.out;b'\xd1\x98)tp=\x82p'
xortool_out/0342.out;b'\xd1\x98\x05tp=\x95p'
xortool_out/0343.out;b'\xd1\x98\x05tp=\x82p'
xortool_out/0344.out;b'\xd2\x9b*ws>\x96s'
xortool_out/0345.out;b'\xd2\x9b*ws>\x81s'
xortool_out/0346.out;b'\xd2\x9b\x06ws>\x96s'
xortool_out/0347.out;b'\xd2\x9b\x06ws>\x81s'
xortool_out/0348.out;b'\xd3\x9a+vr?\x97r'
xortool_out/0349.out;b'\xd3\x9a+vr?\x80r'
xortool_out/0350.out;b'\xd3\x9a\x07vr?\x97r'
xortool_out/0351.out;b'\xd3\x9a\x07vr?\x80r'
xortool_out/0352.out;b'\xdc\x95$y}0\x98}'
xortool_out/0353.out;b'\xdc\x95$y}0\x8f}'
xortool_out/0354.out;b'\xdc\x95\x08y}0\x98}'
xortool_out/0355.out;b'\xdc\x95\x08y}0\x8f}'
xortool_out/0356.out;b'\xdd\x94%x|1\x99|'
xortool_out/0357.out;b'\xdd\x94%x|1\x8e|'
xortool_out/0358.out;b'\xdd\x94\tx|1\x99|'
xortool_out/0359.out;b'\xdd\x94\tx|1\x8e|'
xortool_out/0360.out;b'\xde\x97&{\x7f2\x9a\x7f'
xortool_out/0361.out;b'\xde\x97&{\x7f2\x8d\x7f'
xortool_out/0362.out;b'\xde\x97\n{\x7f2\x9a\x7f'
xortool_out/0363.out;b'\xde\x97\n{\x7f2\x8d\x7f'
xortool_out/0364.out;b"\xdf\x96'z~3\x9b~"
xortool_out/0365.out;b"\xdf\x96'z~3\x8c~"
xortool_out/0366.out;b'\xdf\x96\x0bz~3\x9b~'
xortool_out/0367.out;b'\xdf\x96\x0bz~3\x8c~'
xortool_out/0368.out;b'\xd8\x91 }y4\x9cy'
xortool_out/0369.out;b'\xd8\x91 }y4\x8by'
xortool_out/0370.out;b'\xd8\x91\x0c}y4\x9cy'
xortool_out/0371.out;b'\xd8\x91\x0c}y4\x8by'
xortool_out/0372.out;b'\xd9\x90!|x5\x9dx'
xortool_out/0373.out;b'\xd9\x90!|x5\x8ax'
xortool_out/0374.out;b'\xd9\x90\r|x5\x9dx'
xortool_out/0375.out;b'\xd9\x90\r|x5\x8ax'
xortool_out/0376.out;b'\xda\x93"\x7f{6\x9e{'
xortool_out/0377.out;b'\xda\x93"\x7f{6\x89{'
xortool_out/0378.out;b'\xda\x93\x0e\x7f{6\x9e{'
xortool_out/0379.out;b'\xda\x93\x0e\x7f{6\x89{'
xortool_out/0380.out;b'\xdb\x92#~z7\x9fz'
xortool_out/0381.out;b'\xdb\x92#~z7\x88z'
xortool_out/0382.out;b'\xdb\x92\x0f~z7\x9fz'
xortool_out/0383.out;b'\xdb\x92\x0f~z7\x88z'
xortool_out/0384.out;b'\xe4\xad\x1cAE\x08\xa0E'
xortool_out/0385.out;b'\xe4\xad\x1cAE\x08\xb7E'
xortool_out/0386.out;b'\xe4\xad0AE\x08\xa0E'
xortool_out/0387.out;b'\xe4\xad0AE\x08\xb7E'
xortool_out/0388.out;b'\xe5\xac\x1d@D\t\xa1D'
xortool_out/0389.out;b'\xe5\xac\x1d@D\t\xb6D'
xortool_out/0390.out;b'\xe5\xac1@D\t\xa1D'
xortool_out/0391.out;b'\xe5\xac1@D\t\xb6D'
xortool_out/0392.out;b'\xe6\xaf\x1eCG\n\xa2G'
xortool_out/0393.out;b'\xe6\xaf\x1eCG\n\xb5G'
xortool_out/0394.out;b'\xe6\xaf2CG\n\xa2G'
xortool_out/0395.out;b'\xe6\xaf2CG\n\xb5G'
xortool_out/0396.out;b'\xe7\xae\x1fBF\x0b\xa3F'
xortool_out/0397.out;b'\xe7\xae\x1fBF\x0b\xb4F'
xortool_out/0398.out;b'\xe7\xae3BF\x0b\xa3F'
xortool_out/0399.out;b'\xe7\xae3BF\x0b\xb4F'
xortool_out/0400.out;b'\xe0\xa9\x18EA\x0c\xa4A'
xortool_out/0401.out;b'\xe0\xa9\x18EA\x0c\xb3A'
xortool_out/0402.out;b'\xe0\xa94EA\x0c\xa4A'
xortool_out/0403.out;b'\xe0\xa94EA\x0c\xb3A'
xortool_out/0404.out;b'\xe1\xa8\x19D@\r\xa5@'
xortool_out/0405.out;b'\xe1\xa8\x19D@\r\xb2@'
xortool_out/0406.out;b'\xe1\xa85D@\r\xa5@'
xortool_out/0407.out;b'\xe1\xa85D@\r\xb2@'
xortool_out/0408.out;b'\xe2\xab\x1aGC\x0e\xa6C'
xortool_out/0409.out;b'\xe2\xab\x1aGC\x0e\xb1C'
xortool_out/0410.out;b'\xe2\xab6GC\x0e\xa6C'
xortool_out/0411.out;b'\xe2\xab6GC\x0e\xb1C'
xortool_out/0412.out;b'\xe3\xaa\x1bFB\x0f\xa7B'
xortool_out/0413.out;b'\xe3\xaa\x1bFB\x0f\xb0B'
xortool_out/0414.out;b'\xe3\xaa7FB\x0f\xa7B'
xortool_out/0415.out;b'\xe3\xaa7FB\x0f\xb0B'
xortool_out/0416.out;b'\xec\xa5\x14IM\x00\xa8M'
xortool_out/0417.out;b'\xec\xa5\x14IM\x00\xbfM'
xortool_out/0418.out;b'\xec\xa58IM\x00\xa8M'
xortool_out/0419.out;b'\xec\xa58IM\x00\xbfM'
xortool_out/0420.out;b'\xed\xa4\x15HL\x01\xa9L'
xortool_out/0421.out;b'\xed\xa4\x15HL\x01\xbeL'
xortool_out/0422.out;b'\xed\xa49HL\x01\xa9L'
xortool_out/0423.out;b'\xed\xa49HL\x01\xbeL'
xortool_out/0424.out;b'\xee\xa7\x16KO\x02\xaaO'
xortool_out/0425.out;b'\xee\xa7\x16KO\x02\xbdO'
xortool_out/0426.out;b'\xee\xa7:KO\x02\xaaO'
xortool_out/0427.out;b'\xee\xa7:KO\x02\xbdO'
xortool_out/0428.out;b'\xef\xa6\x17JN\x03\xabN'
xortool_out/0429.out;b'\xef\xa6\x17JN\x03\xbcN'
xortool_out/0430.out;b'\xef\xa6;JN\x03\xabN'
xortool_out/0431.out;b'\xef\xa6;JN\x03\xbcN'
xortool_out/0432.out;b'\xe8\xa1\x10MI\x04\xacI'
xortool_out/0433.out;b'\xe8\xa1\x10MI\x04\xbbI'
xortool_out/0434.out;b'\xe8\xa1<MI\x04\xacI'
xortool_out/0435.out;b'\xe8\xa1<MI\x04\xbbI'
xortool_out/0436.out;b'\xe9\xa0\x11LH\x05\xadH'
xortool_out/0437.out;b'\xe9\xa0\x11LH\x05\xbaH'
xortool_out/0438.out;b'\xe9\xa0=LH\x05\xadH'
xortool_out/0439.out;b'\xe9\xa0=LH\x05\xbaH'
xortool_out/0440.out;b'\xea\xa3\x12OK\x06\xaeK'
xortool_out/0441.out;b'\xea\xa3\x12OK\x06\xb9K'
xortool_out/0442.out;b'\xea\xa3>OK\x06\xaeK'
xortool_out/0443.out;b'\xea\xa3>OK\x06\xb9K'
xortool_out/0444.out;b'\xeb\xa2\x13NJ\x07\xafJ'
xortool_out/0445.out;b'\xeb\xa2\x13NJ\x07\xb8J'
xortool_out/0446.out;b'\xeb\xa2?NJ\x07\xafJ'
xortool_out/0447.out;b'\xeb\xa2?NJ\x07\xb8J'
xortool_out/0448.out;b'\xf4\xbd\x0cQU\x18\xb0U'
xortool_out/0449.out;b'\xf4\xbd\x0cQU\x18\xa7U'
xortool_out/0450.out;b'\xf4\xbd QU\x18\xb0U'
xortool_out/0451.out;b'\xf4\xbd QU\x18\xa7U'
xortool_out/0452.out;b'\xf5\xbc\rPT\x19\xb1T'
xortool_out/0453.out;b'\xf5\xbc\rPT\x19\xa6T'
xortool_out/0454.out;b'\xf5\xbc!PT\x19\xb1T'
xortool_out/0455.out;b'\xf5\xbc!PT\x19\xa6T'
xortool_out/0456.out;b'\xf6\xbf\x0eSW\x1a\xb2W'
xortool_out/0457.out;b'\xf6\xbf\x0eSW\x1a\xa5W'
xortool_out/0458.out;b'\xf6\xbf"SW\x1a\xb2W'
xortool_out/0459.out;b'\xf6\xbf"SW\x1a\xa5W'
xortool_out/0460.out;b'\xf7\xbe\x0fRV\x1b\xb3V'
xortool_out/0461.out;b'\xf7\xbe\x0fRV\x1b\xa4V'
xortool_out/0462.out;b'\xf7\xbe#RV\x1b\xb3V'
xortool_out/0463.out;b'\xf7\xbe#RV\x1b\xa4V'
xortool_out/0464.out;b'\xf0\xb9\x08UQ\x1c\xb4Q'
xortool_out/0465.out;b'\xf0\xb9\x08UQ\x1c\xa3Q'
xortool_out/0466.out;b'\xf0\xb9$UQ\x1c\xb4Q'
xortool_out/0467.out;b'\xf0\xb9$UQ\x1c\xa3Q'
xortool_out/0468.out;b'\xf1\xb8\tTP\x1d\xb5P'
xortool_out/0469.out;b'\xf1\xb8\tTP\x1d\xa2P'
xortool_out/0470.out;b'\xf1\xb8%TP\x1d\xb5P'
xortool_out/0471.out;b'\xf1\xb8%TP\x1d\xa2P'
xortool_out/0472.out;b'\xf2\xbb\nWS\x1e\xb6S'
xortool_out/0473.out;b'\xf2\xbb\nWS\x1e\xa1S'
xortool_out/0474.out;b'\xf2\xbb&WS\x1e\xb6S'
xortool_out/0475.out;b'\xf2\xbb&WS\x1e\xa1S'
xortool_out/0476.out;b'\xf3\xba\x0bVR\x1f\xb7R'
xortool_out/0477.out;b'\xf3\xba\x0bVR\x1f\xa0R'
xortool_out/0478.out;b"\xf3\xba'VR\x1f\xb7R"
xortool_out/0479.out;b"\xf3\xba'VR\x1f\xa0R"
xortool_out/0480.out;b'\xfc\xb5\x04Y]\x10\xb8]'
xortool_out/0481.out;b'\xfc\xb5\x04Y]\x10\xaf]'
xortool_out/0482.out;b'\xfc\xb5(Y]\x10\xb8]'
xortool_out/0483.out;b'\xfc\xb5(Y]\x10\xaf]'
xortool_out/0484.out;b'\xfd\xb4\x05X\\\x11\xb9\\'
xortool_out/0485.out;b'\xfd\xb4\x05X\\\x11\xae\\'
xortool_out/0486.out;b'\xfd\xb4)X\\\x11\xb9\\'
xortool_out/0487.out;b'\xfd\xb4)X\\\x11\xae\\'
xortool_out/0488.out;b'\xfe\xb7\x06[_\x12\xba_'
xortool_out/0489.out;b'\xfe\xb7\x06[_\x12\xad_'
xortool_out/0490.out;b'\xfe\xb7*[_\x12\xba_'
xortool_out/0491.out;b'\xfe\xb7*[_\x12\xad_'
xortool_out/0492.out;b'\xff\xb6\x07Z^\x13\xbb^'
xortool_out/0493.out;b'\xff\xb6\x07Z^\x13\xac^'
xortool_out/0494.out;b'\xff\xb6+Z^\x13\xbb^'
xortool_out/0495.out;b'\xff\xb6+Z^\x13\xac^'
xortool_out/0496.out;b'\xf8\xb1\x00]Y\x14\xbcY'
xortool_out/0497.out;b'\xf8\xb1\x00]Y\x14\xabY'
xortool_out/0498.out;b'\xf8\xb1,]Y\x14\xbcY'
xortool_out/0499.out;b'\xf8\xb1,]Y\x14\xabY'
xortool_out/0500.out;b'\xf9\xb0\x01\\X\x15\xbdX'
xortool_out/0501.out;b'\xf9\xb0\x01\\X\x15\xaaX'
xortool_out/0502.out;b'\xf9\xb0-\\X\x15\xbdX'
xortool_out/0503.out;b'\xf9\xb0-\\X\x15\xaaX'
xortool_out/0504.out;b'\xfa\xb3\x02_[\x16\xbe['
xortool_out/0505.out;b'\xfa\xb3\x02_[\x16\xa9['
xortool_out/0506.out;b'\xfa\xb3._[\x16\xbe['
xortool_out/0507.out;b'\xfa\xb3._[\x16\xa9['
xortool_out/0508.out;b'\xfb\xb2\x03^Z\x17\xbfZ'
xortool_out/0509.out;b'\xfb\xb2\x03^Z\x17\xa8Z'
xortool_out/0510.out;b'\xfb\xb2/^Z\x17\xbfZ'
xortool_out/0511.out;b'\xfb\xb2/^Z\x17\xa8Z'
xortool_out/0512.out;b'\x04M\xfc\xa1\xa5\xe8@\xa5'
xortool_out/0513.out;b'\x04M\xfc\xa1\xa5\xe8W\xa5'
xortool_out/0514.out;b'\x04M\xd0\xa1\xa5\xe8@\xa5'
xortool_out/0515.out;b'\x04M\xd0\xa1\xa5\xe8W\xa5'
xortool_out/0516.out;b'\x05L\xfd\xa0\xa4\xe9A\xa4'
xortool_out/0517.out;b'\x05L\xfd\xa0\xa4\xe9V\xa4'
xortool_out/0518.out;b'\x05L\xd1\xa0\xa4\xe9A\xa4'
xortool_out/0519.out;b'\x05L\xd1\xa0\xa4\xe9V\xa4'
xortool_out/0520.out;b'\x06O\xfe\xa3\xa7\xeaB\xa7'
xortool_out/0521.out;b'\x06O\xfe\xa3\xa7\xeaU\xa7'
xortool_out/0522.out;b'\x06O\xd2\xa3\xa7\xeaB\xa7'
xortool_out/0523.out;b'\x06O\xd2\xa3\xa7\xeaU\xa7'
xortool_out/0524.out;b'\x07N\xff\xa2\xa6\xebC\xa6'
xortool_out/0525.out;b'\x07N\xff\xa2\xa6\xebT\xa6'
xortool_out/0526.out;b'\x07N\xd3\xa2\xa6\xebC\xa6'
xortool_out/0527.out;b'\x07N\xd3\xa2\xa6\xebT\xa6'
xortool_out/0528.out;b'\x00I\xf8\xa5\xa1\xecD\xa1'
xortool_out/0529.out;b'\x00I\xf8\xa5\xa1\xecS\xa1'
xortool_out/0530.out;b'\x00I\xd4\xa5\xa1\xecD\xa1'
xortool_out/0531.out;b'\x00I\xd4\xa5\xa1\xecS\xa1'
xortool_out/0532.out;b'\x01H\xf9\xa4\xa0\xedE\xa0'
xortool_out/0533.out;b'\x01H\xf9\xa4\xa0\xedR\xa0'
xortool_out/0534.out;b'\x01H\xd5\xa4\xa0\xedE\xa0'
xortool_out/0535.out;b'\x01H\xd5\xa4\xa0\xedR\xa0'
xortool_out/0536.out;b'\x02K\xfa\xa7\xa3\xeeF\xa3'
xortool_out/0537.out;b'\x02K\xfa\xa7\xa3\xeeQ\xa3'
xortool_out/0538.out;b'\x02K\xd6\xa7\xa3\xeeF\xa3'
xortool_out/0539.out;b'\x02K\xd6\xa7\xa3\xeeQ\xa3'
xortool_out/0540.out;b'\x03J\xfb\xa6\xa2\xefG\xa2'
xortool_out/0541.out;b'\x03J\xfb\xa6\xa2\xefP\xa2'
xortool_out/0542.out;b'\x03J\xd7\xa6\xa2\xefG\xa2'
xortool_out/0543.out;b'\x03J\xd7\xa6\xa2\xefP\xa2'
xortool_out/0544.out;b'\x0cE\xf4\xa9\xad\xe0H\xad'
xortool_out/0545.out;b'\x0cE\xf4\xa9\xad\xe0_\xad'
xortool_out/0546.out;b'\x0cE\xd8\xa9\xad\xe0H\xad'
xortool_out/0547.out;b'\x0cE\xd8\xa9\xad\xe0_\xad'
xortool_out/0548.out;b'\rD\xf5\xa8\xac\xe1I\xac'
xortool_out/0549.out;b'\rD\xf5\xa8\xac\xe1^\xac'
xortool_out/0550.out;b'\rD\xd9\xa8\xac\xe1I\xac'
xortool_out/0551.out;b'\rD\xd9\xa8\xac\xe1^\xac'
xortool_out/0552.out;b'\x0eG\xf6\xab\xaf\xe2J\xaf'
xortool_out/0553.out;b'\x0eG\xf6\xab\xaf\xe2]\xaf'
xortool_out/0554.out;b'\x0eG\xda\xab\xaf\xe2J\xaf'
xortool_out/0555.out;b'\x0eG\xda\xab\xaf\xe2]\xaf'
xortool_out/0556.out;b'\x0fF\xf7\xaa\xae\xe3K\xae'
xortool_out/0557.out;b'\x0fF\xf7\xaa\xae\xe3\\\xae'
xortool_out/0558.out;b'\x0fF\xdb\xaa\xae\xe3K\xae'
xortool_out/0559.out;b'\x0fF\xdb\xaa\xae\xe3\\\xae'
xortool_out/0560.out;b'\x08A\xf0\xad\xa9\xe4L\xa9'
xortool_out/0561.out;b'\x08A\xf0\xad\xa9\xe4[\xa9'
xortool_out/0562.out;b'\x08A\xdc\xad\xa9\xe4L\xa9'
xortool_out/0563.out;b'\x08A\xdc\xad\xa9\xe4[\xa9'
xortool_out/0564.out;b'\t@\xf1\xac\xa8\xe5M\xa8'
xortool_out/0565.out;b'\t@\xf1\xac\xa8\xe5Z\xa8'
xortool_out/0566.out;b'\t@\xdd\xac\xa8\xe5M\xa8'
xortool_out/0567.out;b'\t@\xdd\xac\xa8\xe5Z\xa8'
xortool_out/0568.out;b'\nC\xf2\xaf\xab\xe6N\xab'
xortool_out/0569.out;b'\nC\xf2\xaf\xab\xe6Y\xab'
xortool_out/0570.out;b'\nC\xde\xaf\xab\xe6N\xab'
xortool_out/0571.out;b'\nC\xde\xaf\xab\xe6Y\xab'
xortool_out/0572.out;b'\x0bB\xf3\xae\xaa\xe7O\xaa'
xortool_out/0573.out;b'\x0bB\xf3\xae\xaa\xe7X\xaa'
xortool_out/0574.out;b'\x0bB\xdf\xae\xaa\xe7O\xaa'
xortool_out/0575.out;b'\x0bB\xdf\xae\xaa\xe7X\xaa'
xortool_out/0576.out;b'\x14]\xec\xb1\xb5\xf8P\xb5'
xortool_out/0577.out;b'\x14]\xec\xb1\xb5\xf8G\xb5'
xortool_out/0578.out;b'\x14]\xc0\xb1\xb5\xf8P\xb5'
xortool_out/0579.out;b'\x14]\xc0\xb1\xb5\xf8G\xb5'
xortool_out/0580.out;b'\x15\\\xed\xb0\xb4\xf9Q\xb4'
xortool_out/0581.out;b'\x15\\\xed\xb0\xb4\xf9F\xb4'
xortool_out/0582.out;b'\x15\\\xc1\xb0\xb4\xf9Q\xb4'
xortool_out/0583.out;b'\x15\\\xc1\xb0\xb4\xf9F\xb4'
xortool_out/0584.out;b'\x16_\xee\xb3\xb7\xfaR\xb7'
xortool_out/0585.out;b'\x16_\xee\xb3\xb7\xfaE\xb7'
xortool_out/0586.out;b'\x16_\xc2\xb3\xb7\xfaR\xb7'
xortool_out/0587.out;b'\x16_\xc2\xb3\xb7\xfaE\xb7'
xortool_out/0588.out;b'\x17^\xef\xb2\xb6\xfbS\xb6'
xortool_out/0589.out;b'\x17^\xef\xb2\xb6\xfbD\xb6'
xortool_out/0590.out;b'\x17^\xc3\xb2\xb6\xfbS\xb6'
xortool_out/0591.out;b'\x17^\xc3\xb2\xb6\xfbD\xb6'
xortool_out/0592.out;b'\x10Y\xe8\xb5\xb1\xfcT\xb1'
xortool_out/0593.out;b'\x10Y\xe8\xb5\xb1\xfcC\xb1'
xortool_out/0594.out;b'\x10Y\xc4\xb5\xb1\xfcT\xb1'
xortool_out/0595.out;b'\x10Y\xc4\xb5\xb1\xfcC\xb1'
xortool_out/0596.out;b'\x11X\xe9\xb4\xb0\xfdU\xb0'
xortool_out/0597.out;b'\x11X\xe9\xb4\xb0\xfdB\xb0'
xortool_out/0598.out;b'\x11X\xc5\xb4\xb0\xfdU\xb0'
xortool_out/0599.out;b'\x11X\xc5\xb4\xb0\xfdB\xb0'
xortool_out/0600.out;b'\x12[\xea\xb7\xb3\xfeV\xb3'
xortool_out/0601.out;b'\x12[\xea\xb7\xb3\xfeA\xb3'
xortool_out/0602.out;b'\x12[\xc6\xb7\xb3\xfeV\xb3'
xortool_out/0603.out;b'\x12[\xc6\xb7\xb3\xfeA\xb3'
xortool_out/0604.out;b'\x13Z\xeb\xb6\xb2\xffW\xb2'
xortool_out/0605.out;b'\x13Z\xeb\xb6\xb2\xff@\xb2'
xortool_out/0606.out;b'\x13Z\xc7\xb6\xb2\xffW\xb2'
xortool_out/0607.out;b'\x13Z\xc7\xb6\xb2\xff@\xb2'
xortool_out/0608.out;b'\x1cU\xe4\xb9\xbd\xf0X\xbd'
xortool_out/0609.out;b'\x1cU\xe4\xb9\xbd\xf0O\xbd'
xortool_out/0610.out;b'\x1cU\xc8\xb9\xbd\xf0X\xbd'
xortool_out/0611.out;b'\x1cU\xc8\xb9\xbd\xf0O\xbd'
xortool_out/0612.out;b'\x1dT\xe5\xb8\xbc\xf1Y\xbc'
xortool_out/0613.out;b'\x1dT\xe5\xb8\xbc\xf1N\xbc'
xortool_out/0614.out;b'\x1dT\xc9\xb8\xbc\xf1Y\xbc'
xortool_out/0615.out;b'\x1dT\xc9\xb8\xbc\xf1N\xbc'
xortool_out/0616.out;b'\x1eW\xe6\xbb\xbf\xf2Z\xbf'
xortool_out/0617.out;b'\x1eW\xe6\xbb\xbf\xf2M\xbf'
xortool_out/0618.out;b'\x1eW\xca\xbb\xbf\xf2Z\xbf'
xortool_out/0619.out;b'\x1eW\xca\xbb\xbf\xf2M\xbf'
xortool_out/0620.out;b'\x1fV\xe7\xba\xbe\xf3[\xbe'
xortool_out/0621.out;b'\x1fV\xe7\xba\xbe\xf3L\xbe'
xortool_out/0622.out;b'\x1fV\xcb\xba\xbe\xf3[\xbe'
xortool_out/0623.out;b'\x1fV\xcb\xba\xbe\xf3L\xbe'
xortool_out/0624.out;b'\x18Q\xe0\xbd\xb9\xf4\\\xb9'
xortool_out/0625.out;b'\x18Q\xe0\xbd\xb9\xf4K\xb9'
xortool_out/0626.out;b'\x18Q\xcc\xbd\xb9\xf4\\\xb9'
xortool_out/0627.out;b'\x18Q\xcc\xbd\xb9\xf4K\xb9'
xortool_out/0628.out;b'\x19P\xe1\xbc\xb8\xf5]\xb8'
xortool_out/0629.out;b'\x19P\xe1\xbc\xb8\xf5J\xb8'
xortool_out/0630.out;b'\x19P\xcd\xbc\xb8\xf5]\xb8'
xortool_out/0631.out;b'\x19P\xcd\xbc\xb8\xf5J\xb8'
xortool_out/0632.out;b'\x1aS\xe2\xbf\xbb\xf6^\xbb'
xortool_out/0633.out;b'\x1aS\xe2\xbf\xbb\xf6I\xbb'
xortool_out/0634.out;b'\x1aS\xce\xbf\xbb\xf6^\xbb'
xortool_out/0635.out;b'\x1aS\xce\xbf\xbb\xf6I\xbb'
xortool_out/0636.out;b'\x1bR\xe3\xbe\xba\xf7_\xba'
xortool_out/0637.out;b'\x1bR\xe3\xbe\xba\xf7H\xba'
xortool_out/0638.out;b'\x1bR\xcf\xbe\xba\xf7_\xba'
xortool_out/0639.out;b'\x1bR\xcf\xbe\xba\xf7H\xba'
xortool_out/0640.out;b'$m\xdc\x81\x85\xc8`\x85'
xortool_out/0641.out;b'$m\xdc\x81\x85\xc8w\x85'
xortool_out/0642.out;b'$m\xf0\x81\x85\xc8`\x85'
xortool_out/0643.out;b'$m\xf0\x81\x85\xc8w\x85'
xortool_out/0644.out;b'%l\xdd\x80\x84\xc9a\x84'
xortool_out/0645.out;b'%l\xdd\x80\x84\xc9v\x84'
xortool_out/0646.out;b'%l\xf1\x80\x84\xc9a\x84'
xortool_out/0647.out;b'%l\xf1\x80\x84\xc9v\x84'
xortool_out/0648.out;b'&o\xde\x83\x87\xcab\x87'
xortool_out/0649.out;b'&o\xde\x83\x87\xcau\x87'
xortool_out/0650.out;b'&o\xf2\x83\x87\xcab\x87'
xortool_out/0651.out;b'&o\xf2\x83\x87\xcau\x87'
xortool_out/0652.out;b"'n\xdf\x82\x86\xcbc\x86"
xortool_out/0653.out;b"'n\xdf\x82\x86\xcbt\x86"
xortool_out/0654.out;b"'n\xf3\x82\x86\xcbc\x86"
xortool_out/0655.out;b"'n\xf3\x82\x86\xcbt\x86"
xortool_out/0656.out;b' i\xd8\x85\x81\xccd\x81'
xortool_out/0657.out;b' i\xd8\x85\x81\xccs\x81'
xortool_out/0658.out;b' i\xf4\x85\x81\xccd\x81'
xortool_out/0659.out;b' i\xf4\x85\x81\xccs\x81'
xortool_out/0660.out;b'!h\xd9\x84\x80\xcde\x80'
xortool_out/0661.out;b'!h\xd9\x84\x80\xcdr\x80'
xortool_out/0662.out;b'!h\xf5\x84\x80\xcde\x80'
xortool_out/0663.out;b'!h\xf5\x84\x80\xcdr\x80'
xortool_out/0664.out;b'"k\xda\x87\x83\xcef\x83'
xortool_out/0665.out;b'"k\xda\x87\x83\xceq\x83'
xortool_out/0666.out;b'"k\xf6\x87\x83\xcef\x83'
xortool_out/0667.out;b'"k\xf6\x87\x83\xceq\x83'
xortool_out/0668.out;b'#j\xdb\x86\x82\xcfg\x82'
xortool_out/0669.out;b'#j\xdb\x86\x82\xcfp\x82'
xortool_out/0670.out;b'#j\xf7\x86\x82\xcfg\x82'
xortool_out/0671.out;b'#j\xf7\x86\x82\xcfp\x82'
xortool_out/0672.out;b',e\xd4\x89\x8d\xc0h\x8d'
xortool_out/0673.out;b',e\xd4\x89\x8d\xc0\x7f\x8d'
xortool_out/0674.out;b',e\xf8\x89\x8d\xc0h\x8d'
xortool_out/0675.out;b',e\xf8\x89\x8d\xc0\x7f\x8d'
xortool_out/0676.out;b'-d\xd5\x88\x8c\xc1i\x8c'
xortool_out/0677.out;b'-d\xd5\x88\x8c\xc1~\x8c'
xortool_out/0678.out;b'-d\xf9\x88\x8c\xc1i\x8c'
xortool_out/0679.out;b'-d\xf9\x88\x8c\xc1~\x8c'
xortool_out/0680.out;b'.g\xd6\x8b\x8f\xc2j\x8f'
xortool_out/0681.out;b'.g\xd6\x8b\x8f\xc2}\x8f'
xortool_out/0682.out;b'.g\xfa\x8b\x8f\xc2j\x8f'
xortool_out/0683.out;b'.g\xfa\x8b\x8f\xc2}\x8f'
xortool_out/0684.out;b'/f\xd7\x8a\x8e\xc3k\x8e'
xortool_out/0685.out;b'/f\xd7\x8a\x8e\xc3|\x8e'
xortool_out/0686.out;b'/f\xfb\x8a\x8e\xc3k\x8e'
xortool_out/0687.out;b'/f\xfb\x8a\x8e\xc3|\x8e'
xortool_out/0688.out;b'(a\xd0\x8d\x89\xc4l\x89'
xortool_out/0689.out;b'(a\xd0\x8d\x89\xc4{\x89'
xortool_out/0690.out;b'(a\xfc\x8d\x89\xc4l\x89'
xortool_out/0691.out;b'(a\xfc\x8d\x89\xc4{\x89'
xortool_out/0692.out;b')`\xd1\x8c\x88\xc5m\x88'
xortool_out/0693.out;b')`\xd1\x8c\x88\xc5z\x88'
xortool_out/0694.out;b')`\xfd\x8c\x88\xc5m\x88'
xortool_out/0695.out;b')`\xfd\x8c\x88\xc5z\x88'
xortool_out/0696.out;b'*c\xd2\x8f\x8b\xc6n\x8b'
xortool_out/0697.out;b'*c\xd2\x8f\x8b\xc6y\x8b'
xortool_out/0698.out;b'*c\xfe\x8f\x8b\xc6n\x8b'
xortool_out/0699.out;b'*c\xfe\x8f\x8b\xc6y\x8b'
xortool_out/0700.out;b'+b\xd3\x8e\x8a\xc7o\x8a'
xortool_out/0701.out;b'+b\xd3\x8e\x8a\xc7x\x8a'
xortool_out/0702.out;b'+b\xff\x8e\x8a\xc7o\x8a'
xortool_out/0703.out;b'+b\xff\x8e\x8a\xc7x\x8a'
xortool_out/0704.out;b'4}\xcc\x91\x95\xd8p\x95'
xortool_out/0705.out;b'4}\xcc\x91\x95\xd8g\x95'
xortool_out/0706.out;b'4}\xe0\x91\x95\xd8p\x95'
xortool_out/0707.out;b'4}\xe0\x91\x95\xd8g\x95'
xortool_out/0708.out;b'5|\xcd\x90\x94\xd9q\x94'
xortool_out/0709.out;b'5|\xcd\x90\x94\xd9f\x94'
xortool_out/0710.out;b'5|\xe1\x90\x94\xd9q\x94'
xortool_out/0711.out;b'5|\xe1\x90\x94\xd9f\x94'
xortool_out/0712.out;b'6\x7f\xce\x93\x97\xdar\x97'
xortool_out/0713.out;b'6\x7f\xce\x93\x97\xdae\x97'
xortool_out/0714.out;b'6\x7f\xe2\x93\x97\xdar\x97'
xortool_out/0715.out;b'6\x7f\xe2\x93\x97\xdae\x97'
xortool_out/0716.out;b'7~\xcf\x92\x96\xdbs\x96'
xortool_out/0717.out;b'7~\xcf\x92\x96\xdbd\x96'
xortool_out/0718.out;b'7~\xe3\x92\x96\xdbs\x96'
xortool_out/0719.out;b'7~\xe3\x92\x96\xdbd\x96'
xortool_out/0720.out;b'0y\xc8\x95\x91\xdct\x91'
xortool_out/0721.out;b'0y\xc8\x95\x91\xdcc\x91'
xortool_out/0722.out;b'0y\xe4\x95\x91\xdct\x91'
xortool_out/0723.out;b'0y\xe4\x95\x91\xdcc\x91'
xortool_out/0724.out;b'1x\xc9\x94\x90\xddu\x90'
xortool_out/0725.out;b'1x\xc9\x94\x90\xddb\x90'
xortool_out/0726.out;b'1x\xe5\x94\x90\xddu\x90'
xortool_out/0727.out;b'1x\xe5\x94\x90\xddb\x90'
xortool_out/0728.out;b'2{\xca\x97\x93\xdev\x93'
xortool_out/0729.out;b'2{\xca\x97\x93\xdea\x93'
xortool_out/0730.out;b'2{\xe6\x97\x93\xdev\x93'
xortool_out/0731.out;b'2{\xe6\x97\x93\xdea\x93'
xortool_out/0732.out;b'3z\xcb\x96\x92\xdfw\x92'
xortool_out/0733.out;b'3z\xcb\x96\x92\xdf`\x92'
xortool_out/0734.out;b'3z\xe7\x96\x92\xdfw\x92'
xortool_out/0735.out;b'3z\xe7\x96\x92\xdf`\x92'
xortool_out/0736.out;b'<u\xc4\x99\x9d\xd0x\x9d'
xortool_out/0737.out;b'<u\xc4\x99\x9d\xd0o\x9d'
xortool_out/0738.out;b'<u\xe8\x99\x9d\xd0x\x9d'
xortool_out/0739.out;b'<u\xe8\x99\x9d\xd0o\x9d'
xortool_out/0740.out;b'=t\xc5\x98\x9c\xd1y\x9c'
xortool_out/0741.out;b'=t\xc5\x98\x9c\xd1n\x9c'
xortool_out/0742.out;b'=t\xe9\x98\x9c\xd1y\x9c'
xortool_out/0743.out;b'=t\xe9\x98\x9c\xd1n\x9c'
xortool_out/0744.out;b'>w\xc6\x9b\x9f\xd2z\x9f'
xortool_out/0745.out;b'>w\xc6\x9b\x9f\xd2m\x9f'
xortool_out/0746.out;b'>w\xea\x9b\x9f\xd2z\x9f'
xortool_out/0747.out;b'>w\xea\x9b\x9f\xd2m\x9f'
xortool_out/0748.out;b'?v\xc7\x9a\x9e\xd3{\x9e'
xortool_out/0749.out;b'?v\xc7\x9a\x9e\xd3l\x9e'
xortool_out/0750.out;b'?v\xeb\x9a\x9e\xd3{\x9e'
xortool_out/0751.out;b'?v\xeb\x9a\x9e\xd3l\x9e'
xortool_out/0752.out;b'8q\xc0\x9d\x99\xd4|\x99'
xortool_out/0753.out;b'8q\xc0\x9d\x99\xd4k\x99'
xortool_out/0754.out;b'8q\xec\x9d\x99\xd4|\x99'
xortool_out/0755.out;b'8q\xec\x9d\x99\xd4k\x99'
xortool_out/0756.out;b'9p\xc1\x9c\x98\xd5}\x98'
xortool_out/0757.out;b'9p\xc1\x9c\x98\xd5j\x98'
xortool_out/0758.out;b'9p\xed\x9c\x98\xd5}\x98'
xortool_out/0759.out;b'9p\xed\x9c\x98\xd5j\x98'
xortool_out/0760.out;b':s\xc2\x9f\x9b\xd6~\x9b'
xortool_out/0761.out;b':s\xc2\x9f\x9b\xd6i\x9b'
xortool_out/0762.out;b':s\xee\x9f\x9b\xd6~\x9b'
xortool_out/0763.out;b':s\xee\x9f\x9b\xd6i\x9b'
xortool_out/0764.out;b';r\xc3\x9e\x9a\xd7\x7f\x9a'
xortool_out/0765.out;b';r\xc3\x9e\x9a\xd7h\x9a'
xortool_out/0766.out;b';r\xef\x9e\x9a\xd7\x7f\x9a'
xortool_out/0767.out;b';r\xef\x9e\x9a\xd7h\x9a'
xortool_out/0768.out;b'D\r\xbc\xe1\xe5\xa8\x00\xe5'
xortool_out/0769.out;b'D\r\xbc\xe1\xe5\xa8\x17\xe5'
xortool_out/0770.out;b'D\r\x90\xe1\xe5\xa8\x00\xe5'
xortool_out/0771.out;b'D\r\x90\xe1\xe5\xa8\x17\xe5'
xortool_out/0772.out;b'E\x0c\xbd\xe0\xe4\xa9\x01\xe4'
xortool_out/0773.out;b'E\x0c\xbd\xe0\xe4\xa9\x16\xe4'
xortool_out/0774.out;b'E\x0c\x91\xe0\xe4\xa9\x01\xe4'
xortool_out/0775.out;b'E\x0c\x91\xe0\xe4\xa9\x16\xe4'
xortool_out/0776.out;b'F\x0f\xbe\xe3\xe7\xaa\x02\xe7'
xortool_out/0777.out;b'F\x0f\xbe\xe3\xe7\xaa\x15\xe7'
xortool_out/0778.out;b'F\x0f\x92\xe3\xe7\xaa\x02\xe7'
xortool_out/0779.out;b'F\x0f\x92\xe3\xe7\xaa\x15\xe7'
xortool_out/0780.out;b'G\x0e\xbf\xe2\xe6\xab\x03\xe6'
xortool_out/0781.out;b'G\x0e\xbf\xe2\xe6\xab\x14\xe6'
xortool_out/0782.out;b'G\x0e\x93\xe2\xe6\xab\x03\xe6'
xortool_out/0783.out;b'G\x0e\x93\xe2\xe6\xab\x14\xe6'
xortool_out/0784.out;b'@\t\xb8\xe5\xe1\xac\x04\xe1'
xortool_out/0785.out;b'@\t\xb8\xe5\xe1\xac\x13\xe1'
xortool_out/0786.out;b'@\t\x94\xe5\xe1\xac\x04\xe1'
xortool_out/0787.out;b'@\t\x94\xe5\xe1\xac\x13\xe1'
xortool_out/0788.out;b'A\x08\xb9\xe4\xe0\xad\x05\xe0'
xortool_out/0789.out;b'A\x08\xb9\xe4\xe0\xad\x12\xe0'
xortool_out/0790.out;b'A\x08\x95\xe4\xe0\xad\x05\xe0'
xortool_out/0791.out;b'A\x08\x95\xe4\xe0\xad\x12\xe0'
xortool_out/0792.out;b'B\x0b\xba\xe7\xe3\xae\x06\xe3'
xortool_out/0793.out;b'B\x0b\xba\xe7\xe3\xae\x11\xe3'
xortool_out/0794.out;b'B\x0b\x96\xe7\xe3\xae\x06\xe3'
xortool_out/0795.out;b'B\x0b\x96\xe7\xe3\xae\x11\xe3'
xortool_out/0796.out;b'C\n\xbb\xe6\xe2\xaf\x07\xe2'
xortool_out/0797.out;b'C\n\xbb\xe6\xe2\xaf\x10\xe2'
xortool_out/0798.out;b'C\n\x97\xe6\xe2\xaf\x07\xe2'
xortool_out/0799.out;b'C\n\x97\xe6\xe2\xaf\x10\xe2'
xortool_out/0800.out;b'L\x05\xb4\xe9\xed\xa0\x08\xed'
xortool_out/0801.out;b'L\x05\xb4\xe9\xed\xa0\x1f\xed'
xortool_out/0802.out;b'L\x05\x98\xe9\xed\xa0\x08\xed'
xortool_out/0803.out;b'L\x05\x98\xe9\xed\xa0\x1f\xed'
xortool_out/0804.out;b'M\x04\xb5\xe8\xec\xa1\t\xec'
xortool_out/0805.out;b'M\x04\xb5\xe8\xec\xa1\x1e\xec'
xortool_out/0806.out;b'M\x04\x99\xe8\xec\xa1\t\xec'
xortool_out/0807.out;b'M\x04\x99\xe8\xec\xa1\x1e\xec'
xortool_out/0808.out;b'N\x07\xb6\xeb\xef\xa2\n\xef'
xortool_out/0809.out;b'N\x07\xb6\xeb\xef\xa2\x1d\xef'
xortool_out/0810.out;b'N\x07\x9a\xeb\xef\xa2\n\xef'
xortool_out/0811.out;b'N\x07\x9a\xeb\xef\xa2\x1d\xef'
xortool_out/0812.out;b'O\x06\xb7\xea\xee\xa3\x0b\xee'
xortool_out/0813.out;b'O\x06\xb7\xea\xee\xa3\x1c\xee'
xortool_out/0814.out;b'O\x06\x9b\xea\xee\xa3\x0b\xee'
xortool_out/0815.out;b'O\x06\x9b\xea\xee\xa3\x1c\xee'
xortool_out/0816.out;b'H\x01\xb0\xed\xe9\xa4\x0c\xe9'
xortool_out/0817.out;b'H\x01\xb0\xed\xe9\xa4\x1b\xe9'
xortool_out/0818.out;b'H\x01\x9c\xed\xe9\xa4\x0c\xe9'
xortool_out/0819.out;b'H\x01\x9c\xed\xe9\xa4\x1b\xe9'
xortool_out/0820.out;b'I\x00\xb1\xec\xe8\xa5\r\xe8'
xortool_out/0821.out;b'I\x00\xb1\xec\xe8\xa5\x1a\xe8'
xortool_out/0822.out;b'I\x00\x9d\xec\xe8\xa5\r\xe8'
xortool_out/0823.out;b'I\x00\x9d\xec\xe8\xa5\x1a\xe8'
xortool_out/0824.out;b'J\x03\xb2\xef\xeb\xa6\x0e\xeb'
xortool_out/0825.out;b'J\x03\xb2\xef\xeb\xa6\x19\xeb'
xortool_out/0826.out;b'J\x03\x9e\xef\xeb\xa6\x0e\xeb'
xortool_out/0827.out;b'J\x03\x9e\xef\xeb\xa6\x19\xeb'
xortool_out/0828.out;b'K\x02\xb3\xee\xea\xa7\x0f\xea'
xortool_out/0829.out;b'K\x02\xb3\xee\xea\xa7\x18\xea'
xortool_out/0830.out;b'K\x02\x9f\xee\xea\xa7\x0f\xea'
xortool_out/0831.out;b'K\x02\x9f\xee\xea\xa7\x18\xea'
xortool_out/0832.out;b'T\x1d\xac\xf1\xf5\xb8\x10\xf5'
xortool_out/0833.out;b'T\x1d\xac\xf1\xf5\xb8\x07\xf5'
xortool_out/0834.out;b'T\x1d\x80\xf1\xf5\xb8\x10\xf5'
xortool_out/0835.out;b'T\x1d\x80\xf1\xf5\xb8\x07\xf5'
xortool_out/0836.out;b'U\x1c\xad\xf0\xf4\xb9\x11\xf4'
xortool_out/0837.out;b'U\x1c\xad\xf0\xf4\xb9\x06\xf4'
xortool_out/0838.out;b'U\x1c\x81\xf0\xf4\xb9\x11\xf4'
xortool_out/0839.out;b'U\x1c\x81\xf0\xf4\xb9\x06\xf4'
xortool_out/0840.out;b'V\x1f\xae\xf3\xf7\xba\x12\xf7'
xortool_out/0841.out;b'V\x1f\xae\xf3\xf7\xba\x05\xf7'
xortool_out/0842.out;b'V\x1f\x82\xf3\xf7\xba\x12\xf7'
xortool_out/0843.out;b'V\x1f\x82\xf3\xf7\xba\x05\xf7'
xortool_out/0844.out;b'W\x1e\xaf\xf2\xf6\xbb\x13\xf6'
xortool_out/0845.out;b'W\x1e\xaf\xf2\xf6\xbb\x04\xf6'
xortool_out/0846.out;b'W\x1e\x83\xf2\xf6\xbb\x13\xf6'
xortool_out/0847.out;b'W\x1e\x83\xf2\xf6\xbb\x04\xf6'
xortool_out/0848.out;b'P\x19\xa8\xf5\xf1\xbc\x14\xf1'
xortool_out/0849.out;b'P\x19\xa8\xf5\xf1\xbc\x03\xf1'
xortool_out/0850.out;b'P\x19\x84\xf5\xf1\xbc\x14\xf1'
xortool_out/0851.out;b'P\x19\x84\xf5\xf1\xbc\x03\xf1'
xortool_out/0852.out;b'Q\x18\xa9\xf4\xf0\xbd\x15\xf0'
xortool_out/0853.out;b'Q\x18\xa9\xf4\xf0\xbd\x02\xf0'
xortool_out/0854.out;b'Q\x18\x85\xf4\xf0\xbd\x15\xf0'
xortool_out/0855.out;b'Q\x18\x85\xf4\xf0\xbd\x02\xf0'
xortool_out/0856.out;b'R\x1b\xaa\xf7\xf3\xbe\x16\xf3'
xortool_out/0857.out;b'R\x1b\xaa\xf7\xf3\xbe\x01\xf3'
xortool_out/0858.out;b'R\x1b\x86\xf7\xf3\xbe\x16\xf3'
xortool_out/0859.out;b'R\x1b\x86\xf7\xf3\xbe\x01\xf3'
xortool_out/0860.out;b'S\x1a\xab\xf6\xf2\xbf\x17\xf2'
xortool_out/0861.out;b'S\x1a\xab\xf6\xf2\xbf\x00\xf2'
xortool_out/0862.out;b'S\x1a\x87\xf6\xf2\xbf\x17\xf2'
xortool_out/0863.out;b'S\x1a\x87\xf6\xf2\xbf\x00\xf2'
xortool_out/0864.out;b'\\\x15\xa4\xf9\xfd\xb0\x18\xfd'
xortool_out/0865.out;b'\\\x15\xa4\xf9\xfd\xb0\x0f\xfd'
xortool_out/0866.out;b'\\\x15\x88\xf9\xfd\xb0\x18\xfd'
xortool_out/0867.out;b'\\\x15\x88\xf9\xfd\xb0\x0f\xfd'
xortool_out/0868.out;b']\x14\xa5\xf8\xfc\xb1\x19\xfc'
xortool_out/0869.out;b']\x14\xa5\xf8\xfc\xb1\x0e\xfc'
xortool_out/0870.out;b']\x14\x89\xf8\xfc\xb1\x19\xfc'
xortool_out/0871.out;b']\x14\x89\xf8\xfc\xb1\x0e\xfc'
xortool_out/0872.out;b'^\x17\xa6\xfb\xff\xb2\x1a\xff'
xortool_out/0873.out;b'^\x17\xa6\xfb\xff\xb2\r\xff'
xortool_out/0874.out;b'^\x17\x8a\xfb\xff\xb2\x1a\xff'
xortool_out/0875.out;b'^\x17\x8a\xfb\xff\xb2\r\xff'
xortool_out/0876.out;b'_\x16\xa7\xfa\xfe\xb3\x1b\xfe'
xortool_out/0877.out;b'_\x16\xa7\xfa\xfe\xb3\x0c\xfe'
xortool_out/0878.out;b'_\x16\x8b\xfa\xfe\xb3\x1b\xfe'
xortool_out/0879.out;b'_\x16\x8b\xfa\xfe\xb3\x0c\xfe'
xortool_out/0880.out;b'X\x11\xa0\xfd\xf9\xb4\x1c\xf9'
xortool_out/0881.out;b'X\x11\xa0\xfd\xf9\xb4\x0b\xf9'
xortool_out/0882.out;b'X\x11\x8c\xfd\xf9\xb4\x1c\xf9'
xortool_out/0883.out;b'X\x11\x8c\xfd\xf9\xb4\x0b\xf9'
xortool_out/0884.out;b'Y\x10\xa1\xfc\xf8\xb5\x1d\xf8'
xortool_out/0885.out;b'Y\x10\xa1\xfc\xf8\xb5\n\xf8'
xortool_out/0886.out;b'Y\x10\x8d\xfc\xf8\xb5\x1d\xf8'
xortool_out/0887.out;b'Y\x10\x8d\xfc\xf8\xb5\n\xf8'
xortool_out/0888.out;b'Z\x13\xa2\xff\xfb\xb6\x1e\xfb'
xortool_out/0889.out;b'Z\x13\xa2\xff\xfb\xb6\t\xfb'
xortool_out/0890.out;b'Z\x13\x8e\xff\xfb\xb6\x1e\xfb'
xortool_out/0891.out;b'Z\x13\x8e\xff\xfb\xb6\t\xfb'
xortool_out/0892.out;b'[\x12\xa3\xfe\xfa\xb7\x1f\xfa'
xortool_out/0893.out;b'[\x12\xa3\xfe\xfa\xb7\x08\xfa'
xortool_out/0894.out;b'[\x12\x8f\xfe\xfa\xb7\x1f\xfa'
xortool_out/0895.out;b'[\x12\x8f\xfe\xfa\xb7\x08\xfa'
xortool_out/0896.out;b'd-\x9c\xc1\xc5\x88 \xc5'
xortool_out/0897.out;b'd-\x9c\xc1\xc5\x887\xc5'
xortool_out/0898.out;b'd-\xb0\xc1\xc5\x88 \xc5'
xortool_out/0899.out;b'd-\xb0\xc1\xc5\x887\xc5'
xortool_out/0900.out;b'e,\x9d\xc0\xc4\x89!\xc4'
xortool_out/0901.out;b'e,\x9d\xc0\xc4\x896\xc4'
xortool_out/0902.out;b'e,\xb1\xc0\xc4\x89!\xc4'
xortool_out/0903.out;b'e,\xb1\xc0\xc4\x896\xc4'
xortool_out/0904.out;b'f/\x9e\xc3\xc7\x8a"\xc7'
xortool_out/0905.out;b'f/\x9e\xc3\xc7\x8a5\xc7'
xortool_out/0906.out;b'f/\xb2\xc3\xc7\x8a"\xc7'
xortool_out/0907.out;b'f/\xb2\xc3\xc7\x8a5\xc7'
xortool_out/0908.out;b'g.\x9f\xc2\xc6\x8b#\xc6'
xortool_out/0909.out;b'g.\x9f\xc2\xc6\x8b4\xc6'
xortool_out/0910.out;b'g.\xb3\xc2\xc6\x8b#\xc6'
xortool_out/0911.out;b'g.\xb3\xc2\xc6\x8b4\xc6'
xortool_out/0912.out;b'`)\x98\xc5\xc1\x8c$\xc1'
xortool_out/0913.out;b'`)\x98\xc5\xc1\x8c3\xc1'
xortool_out/0914.out;b'`)\xb4\xc5\xc1\x8c$\xc1'
xortool_out/0915.out;b'`)\xb4\xc5\xc1\x8c3\xc1'
xortool_out/0916.out;b'a(\x99\xc4\xc0\x8d%\xc0'
xortool_out/0917.out;b'a(\x99\xc4\xc0\x8d2\xc0'
xortool_out/0918.out;b'a(\xb5\xc4\xc0\x8d%\xc0'
xortool_out/0919.out;b'a(\xb5\xc4\xc0\x8d2\xc0'
xortool_out/0920.out;b'b+\x9a\xc7\xc3\x8e&\xc3'
xortool_out/0921.out;b'b+\x9a\xc7\xc3\x8e1\xc3'
xortool_out/0922.out;b'b+\xb6\xc7\xc3\x8e&\xc3'
xortool_out/0923.out;b'b+\xb6\xc7\xc3\x8e1\xc3'
xortool_out/0924.out;b"c*\x9b\xc6\xc2\x8f'\xc2"
xortool_out/0925.out;b'c*\x9b\xc6\xc2\x8f0\xc2'
xortool_out/0926.out;b"c*\xb7\xc6\xc2\x8f'\xc2"
xortool_out/0927.out;b'c*\xb7\xc6\xc2\x8f0\xc2'
xortool_out/0928.out;b'l%\x94\xc9\xcd\x80(\xcd'
xortool_out/0929.out;b'l%\x94\xc9\xcd\x80?\xcd'
xortool_out/0930.out;b'l%\xb8\xc9\xcd\x80(\xcd'
xortool_out/0931.out;b'l%\xb8\xc9\xcd\x80?\xcd'
xortool_out/0932.out;b'm$\x95\xc8\xcc\x81)\xcc'
xortool_out/0933.out;b'm$\x95\xc8\xcc\x81>\xcc'
xortool_out/0934.out;b'm$\xb9\xc8\xcc\x81)\xcc'
xortool_out/0935.out;b'm$\xb9\xc8\xcc\x81>\xcc'
xortool_out/0936.out;b"n'\x96\xcb\xcf\x82*\xcf"
xortool_out/0937.out;b"n'\x96\xcb\xcf\x82=\xcf"
xortool_out/0938.out;b"n'\xba\xcb\xcf\x82*\xcf"
xortool_out/0939.out;b"n'\xba\xcb\xcf\x82=\xcf"
xortool_out/0940.out;b'o&\x97\xca\xce\x83+\xce'
xortool_out/0941.out;b'o&\x97\xca\xce\x83<\xce'
xortool_out/0942.out;b'o&\xbb\xca\xce\x83+\xce'
xortool_out/0943.out;b'o&\xbb\xca\xce\x83<\xce'
xortool_out/0944.out;b'h!\x90\xcd\xc9\x84,\xc9'
xortool_out/0945.out;b'h!\x90\xcd\xc9\x84;\xc9'
xortool_out/0946.out;b'h!\xbc\xcd\xc9\x84,\xc9'
xortool_out/0947.out;b'h!\xbc\xcd\xc9\x84;\xc9'
xortool_out/0948.out;b'i \x91\xcc\xc8\x85-\xc8'
xortool_out/0949.out;b'i \x91\xcc\xc8\x85:\xc8'
xortool_out/0950.out;b'i \xbd\xcc\xc8\x85-\xc8'
xortool_out/0951.out;b'i \xbd\xcc\xc8\x85:\xc8'
xortool_out/0952.out;b'j#\x92\xcf\xcb\x86.\xcb'
xortool_out/0953.out;b'j#\x92\xcf\xcb\x869\xcb'
xortool_out/0954.out;b'j#\xbe\xcf\xcb\x86.\xcb'
xortool_out/0955.out;b'j#\xbe\xcf\xcb\x869\xcb'
xortool_out/0956.out;b'k"\x93\xce\xca\x87/\xca'
xortool_out/0957.out;b'k"\x93\xce\xca\x878\xca'
xortool_out/0958.out;b'k"\xbf\xce\xca\x87/\xca'
xortool_out/0959.out;b'k"\xbf\xce\xca\x878\xca'
xortool_out/0960.out;b't=\x8c\xd1\xd5\x980\xd5'
xortool_out/0961.out;b"t=\x8c\xd1\xd5\x98'\xd5"
xortool_out/0962.out;b't=\xa0\xd1\xd5\x980\xd5'
xortool_out/0963.out;b"t=\xa0\xd1\xd5\x98'\xd5"
xortool_out/0964.out;b'u<\x8d\xd0\xd4\x991\xd4'
xortool_out/0965.out;b'u<\x8d\xd0\xd4\x99&\xd4'
xortool_out/0966.out;b'u<\xa1\xd0\xd4\x991\xd4'
xortool_out/0967.out;b'u<\xa1\xd0\xd4\x99&\xd4'
xortool_out/0968.out;b'v?\x8e\xd3\xd7\x9a2\xd7'
xortool_out/0969.out;b'v?\x8e\xd3\xd7\x9a%\xd7'
xortool_out/0970.out;b'v?\xa2\xd3\xd7\x9a2\xd7'
xortool_out/0971.out;b'v?\xa2\xd3\xd7\x9a%\xd7'
xortool_out/0972.out;b'w>\x8f\xd2\xd6\x9b3\xd6'
xortool_out/0973.out;b'w>\x8f\xd2\xd6\x9b$\xd6'
xortool_out/0974.out;b'w>\xa3\xd2\xd6\x9b3\xd6'
xortool_out/0975.out;b'w>\xa3\xd2\xd6\x9b$\xd6'
xortool_out/0976.out;b'p9\x88\xd5\xd1\x9c4\xd1'
xortool_out/0977.out;b'p9\x88\xd5\xd1\x9c#\xd1'
xortool_out/0978.out;b'p9\xa4\xd5\xd1\x9c4\xd1'
xortool_out/0979.out;b'p9\xa4\xd5\xd1\x9c#\xd1'
xortool_out/0980.out;b'q8\x89\xd4\xd0\x9d5\xd0'
xortool_out/0981.out;b'q8\x89\xd4\xd0\x9d"\xd0'
xortool_out/0982.out;b'q8\xa5\xd4\xd0\x9d5\xd0'
xortool_out/0983.out;b'q8\xa5\xd4\xd0\x9d"\xd0'
xortool_out/0984.out;b'r;\x8a\xd7\xd3\x9e6\xd3'
xortool_out/0985.out;b'r;\x8a\xd7\xd3\x9e!\xd3'
xortool_out/0986.out;b'r;\xa6\xd7\xd3\x9e6\xd3'
xortool_out/0987.out;b'r;\xa6\xd7\xd3\x9e!\xd3'
xortool_out/0988.out;b's:\x8b\xd6\xd2\x9f7\xd2'
xortool_out/0989.out;b's:\x8b\xd6\xd2\x9f \xd2'
xortool_out/0990.out;b's:\xa7\xd6\xd2\x9f7\xd2'
xortool_out/0991.out;b's:\xa7\xd6\xd2\x9f \xd2'
xortool_out/0992.out;b'|5\x84\xd9\xdd\x908\xdd'
xortool_out/0993.out;b'|5\x84\xd9\xdd\x90/\xdd'
xortool_out/0994.out;b'|5\xa8\xd9\xdd\x908\xdd'
xortool_out/0995.out;b'|5\xa8\xd9\xdd\x90/\xdd'
xortool_out/0996.out;b'}4\x85\xd8\xdc\x919\xdc'
xortool_out/0997.out;b'}4\x85\xd8\xdc\x91.\xdc'
xortool_out/0998.out;b'}4\xa9\xd8\xdc\x919\xdc'
xortool_out/0999.out;b'}4\xa9\xd8\xdc\x91.\xdc'
xortool_out/1000.out;b'~7\x86\xdb\xdf\x92:\xdf'
xortool_out/1001.out;b'~7\x86\xdb\xdf\x92-\xdf'
xortool_out/1002.out;b'~7\xaa\xdb\xdf\x92:\xdf'
xortool_out/1003.out;b'~7\xaa\xdb\xdf\x92-\xdf'
xortool_out/1004.out;b'\x7f6\x87\xda\xde\x93;\xde'
xortool_out/1005.out;b'\x7f6\x87\xda\xde\x93,\xde'
xortool_out/1006.out;b'\x7f6\xab\xda\xde\x93;\xde'
xortool_out/1007.out;b'\x7f6\xab\xda\xde\x93,\xde'
xortool_out/1008.out;b'x1\x80\xdd\xd9\x94<\xd9'
xortool_out/1009.out;b'x1\x80\xdd\xd9\x94+\xd9'
xortool_out/1010.out;b'x1\xac\xdd\xd9\x94<\xd9'
xortool_out/1011.out;b'x1\xac\xdd\xd9\x94+\xd9'
xortool_out/1012.out;b'y0\x81\xdc\xd8\x95=\xd8'
xortool_out/1013.out;b'y0\x81\xdc\xd8\x95*\xd8'
xortool_out/1014.out;b'y0\xad\xdc\xd8\x95=\xd8'
xortool_out/1015.out;b'y0\xad\xdc\xd8\x95*\xd8'
xortool_out/1016.out;b'z3\x82\xdf\xdb\x96>\xdb'
xortool_out/1017.out;b'z3\x82\xdf\xdb\x96)\xdb'
xortool_out/1018.out;b'z3\xae\xdf\xdb\x96>\xdb'
xortool_out/1019.out;b'z3\xae\xdf\xdb\x96)\xdb'
xortool_out/1020.out;b'{2\x83\xde\xda\x97?\xda'
xortool_out/1021.out;b'{2\x83\xde\xda\x97(\xda'
xortool_out/1022.out;b'{2\xaf\xde\xda\x97?\xda'
xortool_out/1023.out;b'{2\xaf\xde\xda\x97(\xda'
